Submodule,Time (ms),OPs,Mem Delta (MB),Effective GOPS,Time Ratio (%),OPs Ratio (%)
down_proj,13.128124827274185,106168320.0,0.06734913793103449,8.087089466077533,26.087019953862654,25.471698113207548
gate_proj,14.056134413639766,106168320.0,0.09078663793103449,7.553166245833319,27.931076505381697,25.471698113207548
up_proj,13.494580690192002,106168320.0,0.07152478448275862,7.8674782445937135,26.81520783552313,25.471698113207548
o_proj,3.667827723708389,39321600.0,0.0,10.720678003994024,7.288374865001809,9.433962264150944
q_proj,4.398858000309576,39321600.0,0.0,8.939047361208905,8.741011982905611,9.433962264150944
k_proj,0.8644723447073845,9830400.0,0.0,11.371560999244567,1.7178011027966729,2.358490566037736
v_proj,0.7143581377900334,9830400.0,0.0,13.761164715518905,1.4195077545284194,2.358490566037736
